word,sentiment
happiness,8
happy,8
laugh,8
excellent,8
joy,8
win,8
smile,8
pleasure,8
rainbows,8
celebration,8
healthy,8
celebrating,8
weekend,8
comedy,8
rich,8
christmas,8
friendship,8
holidays,8
loves,8
beach,8
kissing,8
beautiful,8
friends,8
outstanding,8
sweetest,8
butterflies,8
flower,8
sunlight,8
sweetness,8
chocolate,8
heaven,8
splendid,8
enjoying,8
attraction,8
hero,8
positive,8
birthday,8
fantastic,8
delight,8
butterfly,8
funniest,8
sky,8
succeed,8
glorious,8
promotion,8
gift,8
romantic,8
festival,8
honour,8
weekends,8
b-day,8
brilliant,8
holiday,8
mother,8
amazing,8
enjoy,8
friendly,8
profit,8
bday,8
grandmother,8
kiss,8
miracle,8
sweet,8
bright,8
entertaining,8
excitement,8
succeeded,8
winners,8
awesome,8
achievement,8
cheers,8
goodness,8
income,8
puppy,8
song,8
tasty,8
achieved,8
cakes,8
flowers,8
gold,8
families,8
lovers,8
candy,8
diamond,8
interesting,8
praise,8
roses,8
faithful,8
cherish,8
congrats,8
earn,8
glory,8
moonlight,8
peaceful,8
feast,7
glad,7
internet,7
profits,7
x-mas,7
cheer,7
enthusiasm,7
loyal,7
triumph,7
jewels,7
apple,7
fantasy,7
honey,7
sex,7
starlight,7
wins,7
adored,7
dances,7
grandchildren,7
lunch,7
parties,7
saturday,7
truth,7
creative,7
kindness,7
sexy,7
thank,7
thanksgiving,7
valentine,7
awarded,7
grandfather,7
hope,7
magical,7
nice,7
wealth,7
cares,7
daughters,7
friend's,7
grateful,7
mothers,7
valentine's,7
liberation,7
wonderland,7
caring,7
inspiring,7
precious,7
satisfaction,7
wedding,7
adorable,7
comfortable,7
games,7
life,7
pretty,7
rose,7
fruits,7
couple,7
eating,7
generous,7
hahah,7
intelligence,7
luxury,7
passion,7
remarkable,7
valentines,7
gently,7
books,7
cherished,7
dessert,7
glow,7
great-grandchildren,7
independence,7
luckily,7
perfectly,7
sunday,7
championships,7
dreaming,7
fresh,7
greatest,7
luck,7
musicians,7
progress,7
appreciation,7
bloom,7
child,7
computer,7
gentle,7
helpful,7
kind,7
liberty,7
nature,7
passionate,7
reward,7
amazed,7
brother,7
darling,7
energy,7
garden,7
guitar,7
heart,7
like,7
pets,7
salary,7
sweeter,7
yummy,7
eternal,7
benefits,7
comforted,7
discount,7
google,7
libraries,7
perfection,7
wishes,7
awards,7
best,7
comfy,7
genuine,7
imagine,7
meal,7
respected,7
travel,7
attracted,7
favourite,7
heroes,7
liked,7
pizza,7
sleep,7
1st,7
brighter,7
cure,7
home,7
journey,7
opportunity,7
parks,7
shine,7
appreciated,7
birth,7
fruit,7
juice,7
partners,7
stronger,7
tree,7
woman's,7
glowing,7
carnival,7
confident,7
cutie,7
dream,7
fridays,7
quality,7
resort,7
sincere,7
stars,7
useful,7
yum,7
sparkle,7
comic,7
dancing,7
equality,7
graduate,7
memories,7
pet,7
princess,7
thrill,7
wonder,7
mamma,7
charm,7
father,7
hehehe,7
pearl,7
restaurant,7
sharing,7
talent,7
tenderness,7
dove,7
cherry,7
eat,7
girlfriend,7
impressive,7
parent,7
safe,7
shining,7
yoga,7
fairy,7
productivity,7
colours,7
dollar,7
fans,7
hawaii,7
inspiration,7
saints,7
wisdom,7
better,7
colors,7
determination,7
gentlemen,7
harmony,7
hopes,7
praised,7
trip,7
approval,7
concerts,7
encouraged,7
goals,7
intellectual,7
marry,7
outdoors,7
plenty,7
trees,7
unique,7
lullaby,7
abroad,7
benefit,7
dads,7
eternally,7
fancy,7
imagination,7
mountains,7
pancakes,7
praying,7
reunion,7
saving,7
songs,7
vanilla,7
gentleman,7
cinema,7
concert,7
cozy,7
earning,7
gardening,7
massage,7
photos,7
sea,7
albums,7
favored,7
game,7
learned,7
prayers,7
secure,7
unity,7
youtube,7
clean,7
encourage,7
jewelry,7
paintings,7
voyage,7
fulfill,7
accuracy,7
breeze,7
cheese,7
donated,7
education,7
farmer,7
flavor,7
moms,7
pillow,7
saved,7
survived,7
valued,7
infants,7
dreamed,7
banana,7
cooperative,7
grace,7
guarantee,7
improvement,7
liking,7
pasta,7
recipes,7
relief,7
science,7
toast,7
platinum,7
understands,7
advantage,7
buddy,7
daylight,7
forgiveness,7
hopefully,7
interested,7
live,7
movie,7
solution,7
universe,7
sail,7
active,7
babe,7
born,7
compassion,7
create,7
experienced,7
first,7
heal,7
significant,7
surprisingly,7
mansion,7
qualified,7
amazon,7
bedroom,7
cream,7
forgiven,7
horse,7
manners,7
novels,7
pies,7
santa,7
smooth,7
uncle,7
elevated,7
coke,7
coolest,7
dogs,7
esteemed,7
glee,7
heartbeat,7
jukebox,7
mom's,7
painting,7
pool,7
real,7
share,7
traveling,7
wonders,7
guaranteed,7
visions,7
america,7
effective,7
humans,7
married,7
papa,7
popcorn,7
seasons,7
sister,7
supporter,7
tenderly,7
oxygen,7
allright,7
artist,7
complete,7
courtesy,7
drinks,7
fine,7
guitars,7
integrity,7
lake,7
mentor,7
performance,7
prepared,7
romeo,7
sugar,7
technology,7
university,7
yes,7
wished,7
attract,7
classy,7
costumes,7
culture,7
gallery,7
lifelong,7
neat,7
online,7
plays,7
shower,7
surprised,7
values,7
warm,7
hallelujah,7
secured,7
agree,7
antiques,7
bucks,7
dancers,7
dog,7
grandsons,7
hired,7
partner,7
rockin,7
treats,7
water,7
invention,7
brains,7
ability,7
bridegroom,7
famous,7
fountain,7
greater,7
heritage,7
liberties,7
lyrics,7
museum,7
palace,7
potential,7
privilege,7
promised,7
scotland,7
skating,7
theatre,7
well,7
possibilities,7
candles,7
assets,7
career,7
communicate,7
currency,7
dvd,7
fan,7
greet,7
nieces,7
powers,7
sculpture,7
tea,7
tour,7
rhythm,7
care,7
cook,7
deposits,7
high,7
invite,7
photographer,7
promising,7
recovered,7
salad,7
solutions,7
sport,7
theaters,7
unite,7
simplicity,7
book's,7
chatting,7
disney,7
heartfelt,7
husband,7
invest,7
offer,7
performances,7
pray,7
restaurants,7
sisters,7
steak,7
varieties,7
wife,7
zoo,7
touching,7
suitable,7
amour,7
beam,7
certainty,7
clothing,7
desired,7
favorited,7
growth,7
highly,7
lady,7
popular,7
protected,7
rhymes,7
specialty,7
starry,7
supported,7
unlimited,7
expressions,7
sleeps,7
impress,7
advance,7
arts,7
baking,7
classical,7
drawing,7
exhibition,7
fish,7
invented,7
language,7
me,7
radio,7
relative,7
solve,7
student,7
traditions,7
upgrade,7
saviour,7
belonged,7
able,7
butter,7
cosmic,7
diploma,7
e-mail,7
film,7
illustration,7
international,7
morning,7
okay,7
progressive,7
raised,7
tacos,7
traveler,7
universities,7
privileges,7
adoption,7
blanket,7
cleaned,7
cooked,7
dawn,7
discovery,7
eager,7
exercises,7
give,7
haven,7
iphone,7
nephew,7
overcome,7
potato,7
pride,7
recognition,7
right,7
save,7
shelter,7
spontaneous,7
ultimate,7
advantages,7
feather,7
baker,7
champ,7
compensation,7
ethics,7
fries,7
guest,7
initiative,7
lips,7
nights,7
planet,7
poet,7
read,7
soup,7
swimming,7
wings,7
amore,7
cultures,7
interaction,7
velvet,7
agriculture,7
americans,7
chips,7
couples,7
deals,7
eaten,7
gives,7
innocence,7
leadership,7
lounge,7
newest,7
performing,7
recipe,7
starting,7
tales,7
grows,6
illustrations,6
relevant,6
acoustic,6
answers,6
boost,6
dining,6
exclusive,6
gathering,6
humble,6
italian,6
mate,6
offers,6
perform,6
potatoes,6
pumpkin,6
rights,6
screenplay,6
sings,6
starbucks,6
supporting,6
instrumental,6
drums,6
activities,6
clothes,6
forever,6
grass,6
literary,6
memory,6
nephews,6
prospect,6
recommended,6
resource,6
riverside,6
scored,6
believer,6
poets,6
remedy,6
aaah,6
chance,6
draw,6
eats,6
familiar,6
forgive,6
graphics,6
increases,6
languages,6
nap,6
phone,6
princes,6
revival,6
rides,6
scientific,6
sis,6
supermarkets,6
teachers,6
wage,6
wink,6
accept,6
band,6
composer,6
cousin,6
dates,6
environmental,6
feed,6
gaming,6
interests,6
novelist,6
partnership,6
portrait,6
residence,6
simply,6
traveled,6
wondered,6
hats,6
1980s,6
adopt,6
architecture,6
baked,6
ceremony,6
chicken,6
consciousness,6
dating,6
destination,6
drawings,6
electronic,6
europe,6
futures,6
generations,6
hills,6
kidding,6
light,6
participate,6
playin,6
possibility,6
resolved,6
studies,6
tennis,6
touched,6
twins,6
wages,6
willing,6
exercised,6
greeks,6
seeds,6
softly,6
80's,6
arose,6
boyfriend,6
committed,6
craft,6
development,6
faster,6
giveaway,6
lamb,6
meet,6
ownership,6
played,6
purchased,6
reasonable,6
rocket,6
saves,6
seeing,6
skills,6
tasted,6
thinks,6
touches,6
agricultural,6
explore,6
voluntary,6
april,6
broadway,6
climbed,6
curious,6
democracy,6
developed,6
dressed,6
employment,6
fashion,6
guiding,6
innocent,6
interest,6
logical,6
maintained,6
mobile,6
obtained,6
patience,6
please,6
rain,6
relation,6
rise,6
teacher,6
value,6
volunteer,6
revealed,6
existed,6
bread,6
cheddar,6
clubs,6
completely,6
december,6
employ,6
expedition,6
farmers,6
hiring,6
house,6
images,6
largest,6
lord,6
received,6
saint,6
september,6
soul,6
studio,6
wave,6
equilibrium,6
agreement,6
arrival,6
asian,6
bedtime,6
brunch,6
date,6
democratic,6
designer,6
experiences,6
foxy,6
handy,6
important,6
jobs,6
kin,6
offering,6
parade,6
published,6
remembered,6
ring,6
selected,6
streams,6
sufficiently,6
universal,6
visitors,6
women's,6
writers,6
chickens,6
connections,6
volumes,6
absolutely,6
belongs,6
chess,6
clear,6
commonwealth,6
designed,6
earrings,6
epic,6
expansion,6
flowing,6
indians,6
lipstick,6
mine,6
paint,6
plane,6
protecting,6
relations,6
sciences,6
software,6
surplus,6
visited,6
observation,6
conceived,6
amigo,6
begin,6
bridegroom's,6
community,6
country,6
emerging,6
experts,6
fix,6
globe,6
hoped,6
lead,6
lots,6
monkey,6
pioneer,6
professionals,6
remembering,6
sentimental,6
students,6
technological,6
thinking,6
vehicles,6
virginia,6
white,6
reasonably,6
aims,6
regards,6
appropriate,6
blackberry,6
camp,6
considerable,6
degree,6
egypt,6
flag,6
gods,6
hotels,6
indian,6
lifetime,6
mirror,6
occasion,6
prominent,6
proved,6
school,6
spark,6
team,6
upcoming,6
valley,6
proteins,6
horizon,6
ooooh,6
spirits,6
acknowledge,6
advances,6
answer,6
bowling,6
built,6
constitution,6
cowboy,6
deliver,6
distinctive,6
edison,6
enterprise,6
flying,6
grammy,6
jelly,6
legitimate,6
more,6
possible,6
proceeds,6
provides,6
revolutionary,6
samsung,6
show,6
speed,6
tale,6
updating,6
websites,6
writing,6
you,6
yourself,6
embrace,6
meanings,6
advice,6
answered,6
asia,6
avid,6
big,6
bro,6
chef,6
contacts,6
cotton,6
decent,6
downloading,6
evolution,6
finishing,6
foundations,6
guys,6
join,6
knight,6
logic,6
most,6
night,6
participation,6
quest,6
seventeen,6
styles,6
tech,6
thoughts,6
transformation,6
tribute,6
upside,6
dough,6
3-bedroom,6
agreements,6
assured,6
cereal,6
dime,6
erected,6
ethical,6
faces,6
haircut,6
jacket,6
kingdom,6
listened,6
menu,6
opening,6
phd,6
plans,6
proposals,6
providence,6
sexual,6
spain,6
succession,6
taco,6
trading,6
yields,6
dynamics,6
copper,6
righteous,6
venus,6
advocates,6
ate,6
awareness,6
blonde,6
buyer,6
chances,6
clearly,6
draws,6
duck,6
emotions,6
experiments,6
fishing,6
fully,6
initiated,6
king,6
lion,6
midnight,6
nomination,6
occasions,6
playlist,6
provided,6
riding,6
scientist,6
sight,6
steady,6
swiss,6
tiger,6
tourist,6
trade,6
tune,6
walking,6
www,6
beds,6
applying,6
enable,6
narrative,6
afford,6
automobile,6
boys,6
downloads,6
engaged,6
fiction,6
hotel,6
hubby,6
lemon,6
minds,6
own,6
people,6
polish,6
providing,6
rocked,6
south,6
turkey,6
wheels,6
yacht,6
believing,6
continuous,6
seed,6
successive,6
amsterdam,6
arrived,6
aviation,6
browser,6
cd,6
combination,6
cricket,6
dividends,6
elizabeth,6
generate,6
guests,6
jumping,6
launches,6
models,6
offered,6
plan,6
recovering,6
restore,6
rock,6
sony,6
strongly,6
thousands,6
trail,6
up,6
vagina,6
receives,6
writings,6
outcomes,6
boulevard,6
consideration,6
dish,6
ensure,6
everyone,6
focus,6
garlic,6
keyboard,6
leaf,6
maps,6
networking,6
patiently,6
proceeding,6
robot,6
studied,6
theme,6
traditional,6
university's,6
very,6
wii,6
extending,6
mirrors,6
nurses,6
senses,6
acknowledged,6
bentley,6
cattle,6
check,6
citizens,6
comprehend,6
elected,6
enters,6
fab,6
forward,6
herself,6
info,6
justification,6
keeping,6
launched,6
madame,6
moments,6
november,6
oscar,6
practically,6
release,6
security,6
shoulders,6
springfield,6
telecommunications,6
trinity,6
window,6
yay,6
dawning,6
crops,6
significance,6
velocity,6
ahead,6
audiences,6
belief,6
boat,6
california,6
cheaper,6
coat,6
contact,6
drive,6
freelance,6
grown,6
housing,6
integrated,6
legit,6
message,6
neighbor,6
numerous,6
oven,6
reached,6
recognized,6
shows,6
specialist,6
superior,6
tourists,6
validity,6
votes,6
associations,6
fluid,6
1970s,6
advocacy,6
brazilian,6
certain,6
combinations,6
composition,6
created,6
dimes,6
equal,6
flight,6
goodman,6
hey,6
host,6
influences,6
landmark,6
latest,6
legs,6
magazines,6
muscle,6
outlets,6
peanut,6
photoshop,6
quantities,6
reflection,6
respective,6
servings,6
slim,6
starring,6
talk,6
updated,6
solving,6
climbing,6
academy,6
acquired,6
alumni,6
approaches,6
beginning,6
campus,6
choices,6
exact,6
express,6
feliz,6
fund,6
groove,6
hint,6
interactive,6
melbourne,6
numbers,6
points,6
professor,6
prospects,6
purpose,6
sauce,6
sofa,6
tops,6
union,6
vocal,6
words,6
carriage,6
colored,6
nearest,6
relate,6
vibe,6
acres,6
amen,6
blog,6
celebrity,6
concepts,6
creates,6
developing,6
download,6
engineers,6
fixed,6
fridge,6
inn,6
japanese,6
monetary,6
newspapers,6
production,6
pub,6
rare,6
retire,6
sophisticated,6
totally,6
unwind,6
walk,6
windows,6
writes,6
rains,6
act,6
alliance,6
applicable,6
attend,6
automatic,6
avatar,6
beliefs,6
biggest,6
brook,6
concentrations,6
continent,6
eighteenth,6
extend,6
finale,6
fireplace,6
glance,6
ha,6
heating,6
integral,6
japan,6
king's,6
lighting,6
meaning,6
metals,6
nations,6
olive,6
oregon,6
participants,6
principle,6
result,6
sights,6
sponsor,6
stereo,6
successor,6
surviving,6
tuned,6
vista,6
2-car,6
afternoon,6
attempting,6
august,6
awww,6
began,6
broadcast,6
communities,6
creatures,6
dell,6
drum,6
egg,6
fabric,6
feature,6
fingertips,6
flights,6
gathered,6
heh,6
http,6
informal,6
java,6
keys,6
lessons,6
macbook,6
meets,6
national,6
nintendo,6
nyc,6
originally,6
ourselves,6
pic,6
pop,6
recordings,6
robin,6
singapore,6
specialized,6
sweater,6
train,6
wing,6
lasts,6
precisely,6
refer,6
similarly,6
souls,6
academic,6
assistance,6
bf,6
collected,6
destined,6
driven,6
everything,6
features,6
french,6
gracias,6
head,6
hundreds,6
islanders,6
job,6
made,6
match,6
mighty,6
net,6
players,6
presently,6
reaches,6
related,6
reveal,6
rocks,6
season,6
ship,6
similar,6
stadium,6
taught,6
writer,6
justify,6
spreading,6
whoo,6
exhibit,6
exceed,6
alternative,6
begins,6
business,6
chick,6
consent,6
correspondence,6
decided,6
echo,6
european,6
finds,6
framework,6
gather,6
image,6
include,6
intention,6
jet,6
kings,6
larger,6
listen,6
mba,6
men,6
nation's,6
ok,6
option,6
player,6
preparations,6
prom,6
pulse,6
regularly,6
salmon,6
societies,6
substantial,6
technique,6
thx,6
trends,6
wallet,6
formation,6
delicate,6
geography,6
swinging,6
aides,6
banks,6
chapters,6
chiefs,6
citizen,6
conclude,6
covered,6
diagram,6
doubtless,6
fields,6
forecast,6
group,6
hah,6
historic,6
laboratory,6
opens,6
pants,6
private,6
salon,6
shorts,6
skinny,6
stoked,6
teen,6
toyota,6
tribe,6
vienna,6
viva,6
wholly,6
applies,6
merchant,6
vine,6
add,6
alike,6
blu-ray,6
brought,6
chillin,6
conception,6
considered,6
diaries,6
doe,6
exist,6
expect,6
featured,6
gin,6
hand,6
legacy,6
lip,6
magazine,6
mall,6
modest,6
neighbors,6
notebook,6
pass,6
permit,6
planes,6
recording,6
results,6
scenes,6
seattle,6
speak,6
strategic,6
talked,6
twenty,6
yeah,6
bun,6
dolly,6
pockets,6
sensory,6
mixture,6
admiral,6
access,6
airport,6
applications,6
audio,6
celeb,6
city's,6
cyber,6
distinguish,6
entire,6
expanded,6
field,6
founder,6
includes,6
leaders,6
mary,6
mrs,6
organism,6
philharmonic,6
poland,6
printed,6
pro,6
railroad,6
scout,6
sovereign,6
sustained,6
twilight,6
weather,6
yeh,6
demonstration,6
sovereignty,6
sleigh,6
2morrow,6
aim,6
applied,6
articles,6
barbie,6
boogie,6
brooks,6
chrome,6
columbus,6
constitutional,6
country's,6
credits,6
diverse,6
effort,6
equipment,6
freeway,6
frontier,6
household,6
introduce,6
jennifer,6
layout,6
leo,6
metro,6
nut,6
observations,6
pc,6
potter,6
productions,6
pumping,6
road,6
seat,6
sound,6
teens,6
trained,6
viewers,6
attitudes,6
concentrated,6
fifteen,6
gum,6
organizational,6
phenomena,6
concentration,6
construct,6
angeles,6
arena,6
baseball,6
being,6
blogs,6
canadian,6
chicago,6
classes,6
coming,6
crossword,6
decide,6
desktop,6
enter,6
ethnic,6
feelings,6
gets,6
grammar,6
hear,6
history,6
landed,6
lays,6
matrix,6
nationwide,6
oral,6
poster,6
programming,6
provisions,6
quartet,6
really,6
sample,6
showing,6
stages,6
suggestion,6
telephone,6
uk,6
watching,6
absorption,6
dimensions,6
interpretation,6
relating,6
subtle,6
rotation,6
10pm,6
apply,6
bar,6
blogging,6
come,6
connection,6
cow,6
diplomatic,6
eatin,6
endowment,6
expressed,6
have,6
investment,6
irish,6
key,6
lived,6
maker,6
met,6
nashville,6
owl,6
path,6
philosophers,6
quickly,6
regarded,6
sane,6
southwest,6
sum,6
teen-agers,6
toronto,6
woot,6
diversity,6
mist,6
outline,6
obtaining,6
accordingly,6
addressed,6
appearance,6
attitude,6
becomes,6
brings,6
changing,6
commonly,6
crib,6
determine,6
double,6
entre,6
extended,6
group's,6
hai,6
ice,6
kentucky,6
league,6
lmao,6
men's,6
model,6
mouth,6
northeast,6
paper,6
perceive,6
podcast,6
psychology,6
rapid,6
rehearsal,6
roads,6
rubber,6
sending,6
simultaneously,6
stock,6
vivo,6
wind,6
yellow,6
behaviour,6
dimension,6
impulse,6
maintaining,6
occupation,6
quantity,6
natives,6
arch,6
added,6
admission,6
ambassador,6
anna,6
attributes,6
aware,6
britain,6
century,6
characters,6
containing,6
convince,6
drives,6
egyptian,6
featuring,6
fibers,6
flows,6
frequent,6
hd,6
inventory,6
link,6
march,6
morality,6
optical,6
plasma,6
poker,6
possibly,6
record,6
respond,6
shuttle,6
texts,6
trying,6
various,6
wheel,6
workers,6
yess,6
components,6
flashing,6
movin,6
rover,6
printing,6
corresponding,6
afterwards,6
approaching,6
brands,6
city,6
commission,6
continuing,6
deeply,6
diana,6
do,6
emotion,6
episode,6
everywhere,6
facilities,6
ginger,6
greece,6
jessica,6
lamp,6
magnitude,6
major,6
makeup,6
manual,6
michelle,6
outfit,6
preparing,6
privately,6
producers,6
ps3,6
race,6
referring,6
representing,6
sees,6
slide,6
staying,6
supply,6
tokyo,6
vital,6
wednesdays,6
workshop,6
dimensional,6
interval,6
oooooh,6
pupils,6
thoroughly,6
manuscript,6
7pm,6
booty,6
call,6
catch,6
chelsea,6
concentrate,6
details,6
dragon,6
endorsed,6
estates,6
expected,6
fundamental,6
given,6
inclined,6
kinds,6
mac,6
much,6
newsstands,6
nite,6
orientation,6
powder,6
princeton,6
prove,6
reach,6
rio,6
serves,6
showed,6
spare,6
suitcase,6
swag,6
thin,6
todays,6
transactions,6
walkin,6
wash,6
cave,6
mechanical,6
structural,6
shell,6
pose,6
9pm,6
affiliation,6
apt,6
blend,6
card,6
click,6
distinguishable,6
ears,6
expanding,6
goldman,6
hypothesis,6
import,6
jewish,6
knowin,6
midtown,6
modification,6
near,6
passengers,6
persuade,6
plate,6
quietly,6
rank,6
responsibility,6
satellite,6
seek,6
source,6
stage,6
taxi,6
towards,6
ultimately,6
uses,6
waking,6
winds,6
wrap,6
employer,6
immense,6
temperatures,6
flippin,6
scope,6
timber,6
willow,6
5pm,6
android,6
approximately,6
atm,6
banner,6
biggie,6
data,6
developer,6
discussion,6
driver,6
elementary,6
extremely,6
feeling,6
fried,6
hat,6
identical,6
january,6
journal,6
master,6
michael,6
mild,6
multiple,6
northwest,6
placing,6
prevented,6
rankings,6
reforms,6
rolling,6
running,6
sonic,6
thickness,6
tonite,6
walks,6
wassup,6
wendy,6
written,6
yaa,6
jungle,6
paragraph,6
determining,6
gal,6
mechanism,6
amongst,6
announce,6
associated,6
bars,6
benjamin,6
broadcasting,6
cabinet,6
character,6
climb,6
countries,6
degrees,6
emerged,6
enterprises,6
footage,6
formula,6
gaga,6
graham,6
greenwich,6
jill,6
location,6
machines,6
marching,6
merchants,6
mississippi,6
moves,6
nuevo,6
organs,6
perspectives,6
playoff,6
program,6
publishers,6
response,6
role,6
seeks,6
southeast,6
speaks,6
stimulus,6
sydney,6
trustee,6
west,6
occurring,6
samples,6
thrust,6
conversion,6
21st,6
absorbed,6
alexandra,6
aspect,6
auto,6
bold,6
casa,6
chose,6
collect,6
concluded,6
continues,6
cup,6
describe,6
digest,6
drawn,6
early,6
entrance,6
follow,6
glove,6
groups,6
immediately,6
indie,6
leopard,6
mane,6
members,6
phillips,6
practices,6
priority,6
regard,6
rode,6
roots,6
sake,6
served,6
several,6
sidney,6
silkk,6
son-in-law,6
tenure,6
tongues,6
upstairs,6
verse,6
yard,6
explains,6
drinkin,6
height,6
mami,6
organisation,6
realm,6
structures,6
clown,6
hum,6
2day,6
alaska,6
asterisk,6
bra,6
cable,6
chester,6
circular,6
civilians,6
cognitive,6
commons,6
construction,6
dive,6
employees,6
evidence,6
financing,6
followers,6
guess,6
handful,6
heights,6
importa,6
inning,6
kathleen,6
layer,6
means,6
mystery,6
obvious,6
owned,6
pennsylvania,6
presidents,6
provision,6
rangers,6
ricky,6
senior,6
sheets,6
soy,6
spin,6
streets,6
techniques,6
tends,6
trend,6
use,6
venture,6
wholesalers,6
hydrogen,6
lungs,6
origin,6
twentieth,6
spaces,6
accent,6
alma,6
around,6
associate,6
behavioral,6
buildings,6
can,6
characteristics,6
clock,6
comments,6
cycle,6
dice,6
dudes,6
espn,6
ford,6
fry,6
heather,6
instances,6
leaves,6
material,6
oct,6
page,6
pitch,6
printer,6
proportions,6
reflects,6
resulted,6
runs,6
sells,6
they,6
tommy,6
tub,6
vday,6
watches,6
widely,6
york,6
midst,6
address,6
ancient,6
apparent,6
assembly,6
brasil,6
caroline,6
central,6
cleaning,6
combined,6
considering,6
covers,6
edinburgh,6
eleven,6
entirely,6
francisco,6
function,6
historians,6
idol,6
indianapolis,6
layers,6
links,6
mouths,6
occasional,6
pat,6
perceived,6
pope,6
pronounced,6
reaching,6
reminded,6
runner,6
seeking,6
spell,6
suggested,6
topics,6
twice,6
veteran,6
virtually,6
watchin,6
accustomed,6
besos,6
comparative,6
indicating,6
parallel,6
vita,6
allison,6
apps,6
attached,6
bell,6
broad,6
bulletin,6
casey,6
chew,6
cities,6
comes,6
consists,6
current,6
decisions,6
described,6
estimated,6
example,6
feet,6
finally,6
fingers,6
front,6
hier,6
i've,6
identify,6
kennedy,6
lay,6
lewis,6
long-term,6
marie,6
microphone,6
ministry,6
named,6
operative,6
peep,6
pursuit,6
recorded,6
rooms,6
set,6
shoutout,6
solely,6
suburban,6
teenage,6
thing,6
traders,6
tries,6
vermont,6
waist,6
we'll,6
declare,6
mathematical,6
density,6
component,6
sip,6
summary,6
aide,6
analyst,6
aspects,6
attempt,6
blowin,6
brush,6
cap,6
characterized,6
civil,6
columnist,6
consider,6
contents,6
directly,6
electron,6
era,6
explanation,6
fairfield,6
forming,6
hampshire,6
inbox,6
ink,6
jay-z,6
kelly,6
leather,6
makes,6
marathon,6
measured,6
mounted,6
on,6
organizations,6
passage,6
place,6
presidency,6
promo,6
range,6
recent,6
regarding,6
rolls,6
stay,6
stepping,6
substance,6
titles,6
treated,6
type,6
verbal,6
voltage,6
wisconsin,6
word,6
working,6
input,6
array,6
dixie,6
molecular,6
tame,6
depth,6
adam,6
attempts,6
awwww,6
bobby,6
bradley,6
brunswick,6
buena,6
catherine,6
chest,6
criteria,6
dame,6
dealing,6
direction,6
domain,6
ear,6
emily,6
firmly,6
gee,6
gusta,6
handle,6
holdings,6
lap,6
machinery,6
mount,6
nicholas,6
ny,6
pamela,6
particular,6
posted,6
prompted,6
quarterback,6
rearrange,6
regions,6
rims,6
round,6
signs,6
sources,6
stephen,6
suzanne,6
thursdays,6
tools,6
yale,6
accordance,6
lean,6
particle,6
rely,6
sole,6
arrow,6
wherever,6
alice,6
amendment,6
appointment,6
article,6
beverly,6
bottles,6
branch,6
categories,6
coaches,6
could,6
demonstrate,6
employers,6
eva,6
extension,6
findings,6
headline,6
jefferson,6
jose,6
journalism,6
montgomery,6
north,6
papi,6
patrick,6
plains,6
positions,6
ray,6
reference,6
remain,6
rockefeller,6
russian,6
sara,6
subjective,6
summit,6
taylor,6
tony,6
trailer,6
u,6
usage,6
vikings,6
beso,6
fills,6
breed,6
maze,6
occurrence,6
receptor,6
tener,6
account,6
anglo,6
arm,6
austin,6
beyond,6
bow,6
buffalo,6
chairwoman,6
charlotte,6
clay,6
count,6
david,6
doing,6
effects,6
eyed,6
feels,6
figure,6
fm,6
frequently,6
genetic,6
halfway,6
in,6
investors,6
jack,6
jones,6
manifest,6
maria,6
minute,6
pastor,6
pole,6
prep,6
ran,6
repertory,6
retain,6
russia,6
skin,6
specifically,6
stevie,6
tie,6
unit,6
vol,6
we're,6
westside,6
womb,6
yankee,6
awaits,5
mics,5
remark,5
weave,5
interpreted,5
acts,5
adviser,5
along,5
approached,5
ballin,5
cheap,5
cincinnati,5
compound,5
consultant,5
coupe,5
demo,5
elements,5
everytime,5
export,5
external,5
felt,5
habit,5
here,5
holmes,5
indicate,5
joan,5
kate,5
katie,5
korean,5
led,5
longest,5
madison,5
may,5
mixed,5
naval,5
nose,5
ole,5
palm,5
pepper,5
picking,5
post,5
predicted,5
remote,5
roller,5
run,5
sell,5
sessions,5
spread,5
stephanie,5
surname,5
township,5
tried,5
tweet,5
users,5
vamos,5
ceiling,5
elaborate,5
halls,5
metabolism,5
alex,5
arlington,5
bricks,5
caption,5
carroll,5
challenged,5
chronicle,5
colonies,5
conducted,5
contract,5
diameter,5
distributed,5
dozen,5
equation,5
explain,5
fox,5
gears,5
helen,5
instructions,5
jerry,5
laid,5
linked,5
local,5
manufacturers,5
matthew,5
megan,5
needed,5
organ,5
philly,5
projects,5
quote,5
reform,5
richmond,5
segment,5
series,5
sharon,5
shoulder,5
statements,5
therapy,5
twitter,5
vincent,5
wide,5
dome,5
notions,5
administered,5
situations,5
subsequent,5
wrists,5
undoubtedly,5
amp,5
area,5
assigned,5
axis,5
beside,5
brown,5
carolina,5
centres,5
charter,5
company,5
cope,5
curtains,5
den,5
earl,5
evelyn,5
flow,5
i'd,5
jay,5
jordan,5
lab,5
mass,5
metal,5
montana,5
noche,5
operating,5
passes,5
paul,5
possess,5
recently,5
represent,5
search,5
seventy,5
solomon,5
storage,5
subject,5
surround,5
tenants,5
tone,5
trunk,5
versions,5
wax,5
worked,5
zion,5
reactions,5
bailar,5
modes,5
remainder,5
10am,5
also,5
aye,5
bailey,5
bedford,5
bowl,5
calls,5
carolyn,5
centre,5
com,5
compromise,5
course,5
dennis,5
duration,5
ever,5
floors,5
gene,5
gotten,5
himself,5
hopkins,5
inner,5
jeanne,5
jr,5
julie,5
livingston,5
mentioned,5
mini,5
nine,5
nowadays,5
penn,5
point,5
presentation,5
ranks,5
resulting,5
rolled,5
sam,5
secretary,5
signals,5
spencer,5
subjects,5
tell,5
theory,5
topic,5
treasury's,5
yorkers,5
calculated,5
inhabitants,5
interlude,5
constitutes,5
knocks,5
tissue,5
vector,5
whassup,5
absolute,5
alison,5
arabia,5
boldface,5
chamber,5
claimed,5
consecutive,5
dana,5
distribution,5
document,5
earlier,5
esp,5
fam,5
fuel,5
headquarters,5
hee,5
inside,5
jan,5
joseph,5
lawrence,5
lou,5
main,5
margaret,5
mexican,5
mixtape,5
oakland,5
one,5
picks,5
putting,5
reminds,5
represents,5
riverdale,5
seen,5
stayed,5
string,5
tap,5
thee,5
transfer,5
xxx,5
actin,5
defence,5
empirical,5
jive,5
spins,5
am,5
arms,5
basis,5
camino,5
clark,5
comp,5
copy,5
curriculum,5
deemed,5
different,5
door,5
following,5
hp,5
i'll,5
items,5
jesse,5
let,5
lookin,5
manner,5
nelson,5
nucleus,5
overtime,5
pitching,5
province,5
said,5
sensitivity,5
soldiers,5
statistically,5
steve,5
technical,5
thread,5
timbaland,5
tunnel,5
wants,5
whew,5
would,5
year,5
comparison,5
givin,5
parish,5
sits,5
illusions,5
bee,5
britney,5
caps,5
clip,5
colonial,5
contracts,5
customs,5
delta,5
economic,5
eileen,5
finger,5
gloria,5
gud,5
hay,5
jimmy,5
lmaoo,5
miller,5
monde,5
moving,5
nba,5
nuestro,5
oz,5
port,5
press,5
pronto,5
rabbi,5
russell,5
si,5
sit,5
sounded,5
standing,5
structure,5
subsequently,5
taiwan,5
teeth,5
tres,5
tuesdays,5
tweeting,5
vest,5
walter,5
westchester,5
wright,5
yugoslavia,5
thesis,5
della,5
define,5
advised,5
anonymity,5
anything,5
arc,5
ay,5
bros,5
candidate,5
checked,5
colts,5
crossing,5
denver,5
doctor,5
editorial,5
fur,5
geek,5
giant,5
hampton,5
ily,5
karen,5
liebe,5
log,5
massive,5
mc,5
moderate,5
noticed,5
ohhhh,5
ounce,5
percent,5
physician,5
regional,5
revolution,5
roosevelt,5
six,5
surgeon,5
sylvia,5
they're,5
tmrw,5
tube,5
upon,5
whitman,5
wider,5
yo,5
noches,5
bringin,5
verdad,5
alter,5
beep,5
bucket,5
chin,5
compare,5
currents,5
dorothy,5
emeritus,5
estimates,5
firm,5
general,5
hoffman,5
identified,5
jacqueline,5
kristen,5
literally,5
mas,5
medium,5
michigan,5
nassau,5
nineteenth,5
palmer,5
peeps,5
posts,5
quite,5
remind,5
review,5
rye,5
site,5
someone's,5
step,5
surface,5
taking,5
ticket,5
tribes,5
two-year,5
urself,5
varies,5
zone,5
affecting,5
bop,5
discipline,5
gypsy,5
ion,5
stash,5
vivir,5
actually,5
ancora,5
barnes,5
biblical,5
bonnie,5
brad,5
bring,5
carnegie,5
center,5
chrysler,5
colin,5
cornell,5
counts,5
creature,5
drake,5
eight,5
glen,5
jk,5
km/h,5
lesson,5
lexington,5
medicare,5
mike,5
miriam,5
murphy,5
nova,5
one's,5
placed,5
president's,5
quiz,5
randy,5
ritual,5
roberts,5
samuel,5
sec,5
seymour,5
singular,5
someone,5
suit,5
tactics,5
tend,5
transition,5
via,5
visitation,5
ways,5
windy,5
you're,5
incorporated,5
assumption,5
clergy,5
playas,5
shakin,5
2-bath,5
already,5
assessment,5
behalf,5
code,5
congregation,5
craig,5
dean,5
defended,5
dot,5
estar,5
etsy,5
extract,5
follower,5
gates,5
hannah,5
harriet,5
held,5
inches,5
interviewed,5
james,5
length,5
martha,5
minutes,5
morton,5
ora,5
packing,5
parameter,5
rewind,5
scheduled,5
section,5
sheila,5
sometimes,5
sort,5
state,5
stays,5
that's,5
theology,5
tyler,5
version,5
years,5
specified,5
anyhow,5
governed,5
implies,5
quieres,5
semi,5
agency,5
based,5
bid,5
carrier,5
clinton's,5
companies,5
conference,5
counsel,5
dale,5
desk,5
dias,5
directions,5
dormir,5
drove,5
elliott,5
facing,5
floyd,5
frog,5
glenn,5
ground,5
hispanic,5
houston,5
jim,5
kay,5
mainly,5
marshall,5
matt,5
mr,5
nc,5
nina,5
perry,5
piece,5
pouring,5
print,5
qual,5
reed,5
richard,5
roslyn,5
sergeant,5
shirley,5
sir,5
stated,5
tool,5
units,5
week's,5
hangin,5
differentiation,5
motives,5
abc,5
beijing,5
boeing,5
depend,5
doin,5
douglas,5
edited,5
ellis,5
evans,5
fifth,5
five,5
garage,5
goin,5
industries,5
iowa,5
jajaja,5
lieutenant,5
matters,5
minnesota,5
namely,5
oliver,5
partially,5
persian,5
poppin,5
returns,5
rookie,5
sat,5
sf,5
since,5
sorts,5
stanley,5
there's,5
ton,5
turned,5
vessels,5
way,5
woah,5
fraction,5
destino,5
rug,5
18th,5
afterward,5
and,5
andrew,5
artery,5
baila,5
bernstein,5
bits,5
cause,5
chris,5
counties,5
dc,5
defending,5
dexter,5
file,5
fordham,5
hours,5
joe,5
knicks,5
lane,5
lg,5
mano,5
mill,5
motors,5
northern,5
ohio,5
others,5
psychological,5
real-estate,5
seems,5
suffolk,5
systems,5
ted,5
till,5
tissues,5
trance,5
typical,5
usual,5
whoa,5
ya,5
bibliography,5
mente,5
twist,5
eastside,5
node,5
repeats,5
agency's,5
another,5
ask,5
bonds,5
cab,5
checking,5
cunningham,5
dare,5
dia,5
during,5
four,5
gurl,5
hebrew,5
inch,5
intended,5
itself,5
jeff,5
jetzt,5
journalists,5
klein,5
lightning,5
linger,5
lobby,5
maurice,5
medieval,5
moreover,5
negotiating,5
pattinson,5
percentage,5
pitcher,5
retweeting,5
rochester,5
rosen,5
rutgers,5
sections,5
slang,5
tape,5
tires,5
turns,5
viento,5
warner,5
yi,5
amar,5
dominant,5
searched,5
kickin,5
squad,5
duro,5
ahora,5
back,5
barry,5
blowing,5
bones,5
candidates,5
cha,5
chap,5
claim,5
closet,5
collar,5
crawling,5
defense,5
election,5
existing,5
gate,5
hasta,5
jacob,5
jonathan,5
kita,5
legal,5
leslie,5
lloyd,5
lynn,5
mon,5
month,5
muy,5
notion,5
ore,5
penis,5
phyllis,5
pour,5
ra,5
reporters,5
returned,5
ritmo,5
sera,5
simon,5
sox,5
stuffed,5
urge,5
yah,5
examine,5
lado,5
zeit,5
14th,5
about,5
apartments,5
ballot,5
basic,5
betty,5
cooper,5
cyrus,5
diane,5
dios,5
downstairs,5
ed,5
ellen,5
floor,5
gordon,5
hari,5
lang,5
locker,5
mil,5
months,5
nfl,5
occur,5
permission,5
pointing,5
prevent,5
react,5
reporter,5
sabes,5
staten,5
stein,5
suga,5
tendency,5
their,5
utah,5
viene,5
wears,5
ions,5
posterior,5
bearing,5
copyright,5
lui,5
10th,5
a1,5
ann,5
aw,5
ben,5
bruce,5
calor,5
conduct,5
district,5
endlessly,5
estoy,5
farther,5
fyi,5
garcia,5
governor,5
harrison,5
henry,5
hypnotized,5
it'll,5
knw,5
laying,5
louis,5
mets,5
mu,5
operated,5
pittsburgh,5
pre,5
regardless,5
rendered,5
retired,5
roy,5
shake,5
somehow,5
stem,5
subsidies,5
tak,5
thus,5
track,5
volver,5
wet,5
yearning,5
callin,5
latter,5
pum,5
1-bath,5
=p,5
ankle,5
anyways,5
backed,5
bernard,5
bulk,5
c-after,5
cell,5
comer,5
contained,5
coro,5
crush,5
deja,5
digo,5
eleanor,5
foster,5
hillary,5
jason,5
juga,5
kalo,5
ken,5
ncaa,5
office,5
policies,5
reported,5
sais,5
side,5
single,5
soldier,5
tau,5
testimony,5
tumbling,5
typically,5
von,5
while,5
wire,5
ye,5
brotha,5
edges,5
pause,5
sealed,5
20th,5
aaron,5
administrative,5
alleen,5
ave,5
bases,5
bellwether,5
between,5
bus,5
ca,5
carlos,5
ceo,5
cliff,5
consumption,5
davis,5
differential,5
either,5
extent,5
ff,5
goldstein,5
hou,5
ian,5
jb,5
koch,5
managers,5
marc,5
mata,5
mich,5
nick,5
obey,5
phat,5
protestant,5
quien,5
requests,5
rogers,5
sai,5
smith,5
sobre,5
stack,5
tablet,5
there,5
toe,5
wayne,5
wolf,5
youu,5
fait,5
kg,5
assuming,5
glue,5
provincial,5
sempre,5
whispered,5
admitted,5
agent,5
alfred,5
az,5
berger,5
bronxville,5
buss,5
canaan,5
commissioners,5
cord,5
department's,5
doug,5
eugene,5
falta,5
fence,5
gilbert,5
hij,5
indonesia,5
john,5
knee,5
listed,5
marion,5
medicaid,5
meyer,5
morgen,5
nas,5
norman,5
occasionally,5
ooo,5
pls,5
requirement,5
scott,5
sen,5
settle,5
so,5
specimens,5
steel,5
stewart,5
suis,5
timothy,5
transit,5
va,5
week,5
z,5
denn,5
komt,5
swallowed,5
puede,5
19th,5
aus,5
belt,5
cali,5
changes,5
committees,5
corporation,5
diego,5
eighth,5
five-year,5
follows,5
ganas,5
grab,5
ihn,5
interviews,5
kenneth,5
kimi,5
las,5
marilyn,5
monitoring,5
moved,5
nel,5
one-year,5
phase,5
primitive,5
reign,5
rod,5
screening,5
socks,5
speculation,5
stones,5
swept,5
td,5
thompson,5
tiene,5
tryin,5
voy,5
weeks,5
whoever,5
avec,5
thereby,5
wooden,5
loco,5
'the,5
8th,5
advertising,5
aqui,5
b-included,5
been,5
blair,5
bone,5
break,5
cc,5
cole,5
dee,5
edith,5
fla,5
fred,5
harlem,5
herz,5
hombre,5
hrs,5
into,5
llegar,5
margin,5
mei,5
milton,5
myers,5
occupied,5
other,5
ps,5
replace,5
rochelle,5
s,5
sha,5
sittin,5
somos,5
standin,5
statistics,5
sub,5
tanto,5
theyre,5
undercover,5
vos,5
whilst,5
corners,5
nena,5
alle,5
curtain,5
mash,5
puedo,5
tubes,5
6th,5
analysts,5
apologize,5
blvd,5
burke,5
c-net,5
case,5
competing,5
conventional,5
diagnostic,5
documents,5
draft,5
estou,5
flat,5
foot,5
gotta,5
heeft,5
ii,5
implied,5
israel's,5
ive,5
kaplan,5
levine,5
manager,5
mayer,5
mi,5
nacht,5
necessary,5
noch,5
os,5
parking,5
phantom,5
pr,5
quarterly,5
rc,5
richardson,5
sama,5
sc,5
setting,5
slice,5
some,5
stake,5
switch,5
themselves,5
tu,5
uni,5
vous,5
wana,5
where,5
binding,5
agents,5
assess,5
because,5
boot,5
carbon,5
commands,5
das,5
diggin,5
flipmode,5
fourth,5
governing,5
hoo,5
hush,5
indicated,5
k,5
kaufman,5
la,5
liver,5
marjorie,5
mee,5
mir,5
o'neill,5
offices,5
par,5
peculiar,5
per,5
price,5
pursued,5
questions,5
ridgewood,5
ronald,5
shaggy,5
some1,5
standard,5
su,5
thereof,5
throw,5
todo,5
tra,5
tweeters,5
vid,5
wa,5
warren,5
where's,5
who's,5
zu,5
stretched,5
16th,5
5th,5
bei,5
bisa,5
by,5
compared,5
cuba,5
dartmouth,5
denk,5
edge,5
een,5
eine,5
este,5
hace,5
hoes,5
io,5
jeder,5
knot,5
mb,5
mij,5
needs,5
nw,5
ogni,5
or,5
part,5
piel,5
pound,5
question,5
rather,5
roundup,5
schneider,5
somethin,5
stared,5
syracuse,5
they'd,5
three-year,5
to,5
tuesday,5
walsh,5
yesterday,5
ml,5
pp,5
11th,5
accounts,5
aku,5
algo,5
anybody,5
baru,5
bin,5
cbs,5
cleveland,5
colonel,5
company's,5
def,5
drops,5
eq,5
fe,5
frm,5
hacer,5
iii,5
investigators,5
its,5
keer,5
larchmont,5
memorial,5
montclair,5
nuff,5
o,5
ordered,5
pelo,5
pero,5
ri,5
schon,5
semana,5
thick,5
ufc,5
vi,5
wis,5
yorker,5
jour,5
regiment,5
staan,5
veces,5
[a1],5
acabo,5
agenda,5
alibi,5
bam,5
bein,5
boca,5
chase,5
co,5
council,5
debate,5
dip,5
ele,5
federal,5
ftw,5
geez,5
gw,5
hooked,5
inter,5
iya,5
jou,5
menos,5
mins,5
msg,5
needing,5
nih,5
noting,5
of,5
once,5
procedure,5
rap,5
reportedly,5
row,5
sayin,5
stood,5
tackle,5
temperature,5
termed,5
testified,5
those,5
tuo,5
until,5
which,5
antes,5
dmx,5
han,5
inna,5
questo,5
xi,5
doo,5
marginal,5
ojos,5
zie,5
ad,5
agencies,5
alla,5
armies,5
au,5
bishops,5
c'est,5
common,5
crave,5
decir,5
dole,5
economists,5
fl,5
gap,5
gorbachev,5
homie,5
instead,5
itu,5
lebron,5
mes,5
ni,5
only,5
pushin,5
representative,5
ruled,5
shadow,5
strip,5
suppose,5
tenho,5
thomas,5
todos,5
twitpic,5
var,5
whenever,5
wordt,5
bist,5
discourse,5
ey,5
peasant,5
puttin,5
sola,5
ve,5
weet,5
=d,5
andy,5
bis,5
border,5
campaigns,5
chu,5
dukakis,5
ela,5
esa,5
fog,5
heute,5
ie,5
kinda,5
kt,5
levin,5
maar,5
melt,5
nee,5
obliged,5
pointed,5
rental,5
sleepy,5
soo,5
subsidiary,5
testing,5
trey,5
ven,5
xm,5
yup,5
deine,5
fi,5
macht,5
sono,5
toi,5
broads,5
liefde,5
2nd,5
ago,5
b4,5
black,5
causes,5
cited,5
dejes,5
der,5
drifting,5
elderly,5
guard,5
het,5
issued,5
judges,5
lectures,5
mais,5
mg,5
moody's,5
oil,5
previous,5
re,5
remarks,5
scale,5
sei,5
sie,5
sp,5
thang,5
tryna,5
veel,5
went,5
eg,5
qui,5
nous,5
accounting,5
arnold,5
bb,5
bush,5
cia,5
cont,5
diff,5
dus,5
elsewhere,5
gonna,5
hath,5
how's,5
ira,5
ja,5
knock,5
mah,5
mehr,5
missy,5
nonetheless,5
og,5
oo,5
rd,5
ridin,5
seo,5
sm,5
sooooo,5
staring,5
tempted,5
voor,5
vt,5
were,5
ze,5
askin,5
eminem,5
ibid,5
kane,5
pienso,5
miedo,5
explicit,5
administration,5
an,5
b,5
d1,5
dats,5
dem,5
di,5
est,5
friedman,5
harris,5
hows,5
investigating,5
jd,5
ke,5
lo,5
mar,5
mn,5
need,5
o_o,5
proc,5
reagan,5
secret,5
sharp,5
sta,5
temp,5
vc,5
ward,5
horns,5
jeg,5
partial,5
throwin,5
geen,5
tutto,5
temptation,5
addenda,5
altered,5
att,5
b/c,5
beard,5
cases,5
che,5
deh,5
doch,5
eso,5
exposure,5
flipped,5
hes,5
hoje,5
impact,5
lagi,5
mideast,5
must,5
ne,5
ot,5
pst,5
ralph,5
rushing,5
sich,5
ticking,5
udah,5
wah,5
witness,5
assumptions,5
dro,5
nerve,5
sus,5
vein,5
otro,5
detection,5
ak,5
apa,5
bankers,5
bosnia,5
cock,5
dey,5
eds,5
es,5
fa,5
h,5
johns,5
kan,5
lejos,5
lugar,5
mein,5
naar,5
nd,5
nom,5
one-time,5
pataki,5
proceedings,5
rehabilitation,5
sachs,5
superintendent,5
versus,5
wen,5
what's,5
widespread,5
zonder,5
gimmie,5
laat,5
niets,5
tous,5
wij,5
aja,5
at;t,5
bc,5
conditions,5
dann,5
dha,5
em,5
essa,5
fate,5
funk,5
gimme,5
israel,5
juss,5
llorar,5
military,5
nasdaq,5
nur,5
pena,5
reserved,5
sigo,5
stakes,5
though,5
tht,5
wallace,5
wieder,5
wud,5
unseen,5
aside,5
board,5
coz,5
departure,5
economics,5
ese,5
gas,5
governors,5
lately,5
management,5
officials,5
oughta,5
pulled,5
re-election,5
report,5
sans,5
sinai,5
spent,5
targets,5
tem,5
tha,5
trippin,5
tupac,5
weiss,5
whats,5
would've,5
xd,5
coulda,5
goed,5
niente,5
sword,5
'em,5
alley,5
b-includes,5
corner,5
dah,5
depending,5
faz,5
gona,5
heavily,5
imma,5
licht,5
long,5
minha,5
myspace,5
operate,5
policy,5
quem,5
resist,5
smaller,5
than,5
yu,5
ci,5
niemand,5
refrain,5
weg,5
'i,5
a3,5
assume,5
bestie,5
claims,5
ct,5
dealer,5
e,5
fits,5
guessing,5
loca,5
meh,5
offset,5
pulmonary,5
repeatedly,5
sum1,5
tho,5
underneath,5
wake,5
wk,5
doesn,5
induced,5
komm,5
perder,5
tus,5
boundaries,5
almost,5
c,5
corporate,5
cos,5
duty,5
excessive,5
gue,5
hound,5
inc,5
kno,5
legislative,5
loc,5
mau,5
mere,5
neva,5
nuh,5
payment,5
rocky,5
senate,5
serbian,5
slight,5
tweeps,5
wth,5
frontin,5
sind,5
shakes,5
zou,5
ab,5
bodies,5
clinical,5
curb,5
deputy,5
dun,5
gibt,5
how,5
institutions,5
nem,5
op,5
patient's,5
qtr,5
requires,5
shady,5
spots,5
uu,5
wht,5
bg,5
dein,5
flesh,5
immer,5
dicen,5
13th,5
borrow,5
forms,5
ga,5
if,5
islamic,5
minor,5
nuttin,5
pile,5
quisiera,5
seu,5
strung,5
theres,5
um,5
wanting,5
yur,5
rappin,5
stripped,5
undone,5
mek,5
euch,5
freak,5
ganz,5
heb,5
ini,5
lbs,5
nj,5
pretend,5
slit,5
un,5
compton,5
geht,5
stiff,5
zij,5
altijd,5
bureau,5
diet,5
gov,5
gray,5
holler,5
lebanon,5
ol',5
palestinian,5
peasants,5
pressed,5
short-term,5
year-ago,5
daze,5
ib,5
inspection,5
76th,5
bound,5
commercial,5
differences,5
flames,5
ik,5
later,5
li,5
mal,5
nunca,5
pretax,5
shawty,5
tight,5
under,5
vs,5
bark,5
gots,5
seldom,5
tarde,5
als,5
bgt,5
c-includes,5
congressional,5
emo,5
fighter,5
gunna,5
hit,5
inspector,5
jigga,5
kom,5
lock,5
radical,5
senator,5
whatever,5
unreal,5
dose,5
-p,5
anymore,5
blade,5
bout,5
broker,5
crunk,5
grey,5
kuwait,5
outta,5
seh,5
w/o,5
separately,5
gaat,5
arbitrary,5
beneath,5
blocks,5
caused,5
conn,5
depois,5
er,5
gut,5
ima,5
iv,5
narrow,5
pending,5
prolly,5
rs,5
sheesh,5
twisting,5
chains,5
waits,5
blew,5
crucial,5
former,5
hadn,5
leave,5
rule,5
small,5
utterly,5
cocked,5
pill,5
arab,5
disposed,5
dong,5
govt,5
outst,5
prob,5
regulatory,5
sangre,5
goo,4
bs,4
dunno,4
essays,4
heck,4
issue,4
ms,4
nuthin,4
y,4
commanded,4
spill,4
crowds,4
hammer,4
kicks,4
neither,4
plastic,4
required,4
rumble,4
short,4
shy,4
thrown,4
tricky,4
bail,4
bottom,4
cop,4
court's,4
ew,4
gaza,4
haze,4
push,4
require,4
triste,4
wat,4
glocks,4
removal,4
behind,4
boa,4
commercials,4
emotional,4
knocked,4
nada,4
notwithstanding,4
regulations,4
republican,4
serious,4
treatment,4
regime,4
brokers,4
cus,4
detroit,4
glock,4
lobbying,4
muero,4
opposite,4
tied,4
dich,4
authorities,4
competitors,4
effing,4
frozen,4
plaintiff,4
rarely,4
resistance,4
tangled,4
naive,4
shack,4
consequence,4
dang,4
division,4
end,4
hide,4
juvenile,4
needle,4
pulling,4
sharply,4
strictly,4
adios,4
blown,4
congress,4
droppin,4
hiding,4
hurry,4
loud,4
ripping,4
cease,4
eff,4
gop,4
hunt,4
scattered,4
slowly,4
tripping,4
yikes,4
blunt,4
din,4
affected,4
drop,4
gore,4
hadn't,4
iran,4
monday,4
naw,4
sneak,4
sudden,4
tick,4
slippin,4
divide,4
aged,4
bieber,4
guerrillas,4
il,4
nor,4
spider,4
taken,4
wasn't,4
warn,4
defendants,4
fires,4
lawyers,4
outlaw,4
sht,4
contrary,4
bah,4
but,4
kanye,4
minority,4
psychiatric,4
raw,4
sag,4
smash,4
stern,4
swear,4
worn,4
freaks,4
backwards,4
bush's,4
cold,4
due,4
iranian,4
limit,4
loan,4
python,4
scratch,4
waitin,4
waar,4
blah,4
default,4
expenditure,4
grrr,4
levy,4
mccain,4
politically,4
prosecutors,4
uh,4
weird,4
underlying,4
arsenal,4
capture,4
dis,4
exam,4
forces,4
reduce,4
unpublished,4
implications,4
acute,4
astray,4
chop,4
froze,4
heat,4
stranger,4
sucking,4
vice,4
demand,4
minimum,4
shark,4
strict,4
drain,4
renal,4
aren't,4
bother,4
hittin,4
nonsense,4
political,4
rush,4
taxpayers,4
blunts,4
lesser,4
murda,4
cost,4
enforcement,4
freaking,4
heavy,4
laundry,4
numb,4
pushed,4
wack,4
rumors,4
weary,4
crumble,4
fallin,4
hung,4
plea,4
surrender,4
wont,4
fading,4
concerns,4
mondays,4
sour,4
toll,4
collide,4
needles,4
colder,4
discharge,4
fall,4
hospice,4
imposed,4
unknown,4
welt,4
rust,4
affair,4
block,4
dropping,4
goodbyes,4
imprecisely,4
investigation,4
strife,4
weren't,4
alleged,4
bum,4
cracks,4
defensive,4
didnt,4
force,4
limits,4
ridiculous,4
roughly,4
avoided,4
breaking,4
diagnosis,4
hardly,4
isnt,4
punks,4
ruins,4
slam,4
bang,4
closing,4
expense,4
iraqi,4
minus,4
strike,4
trial,4
killa,4
charges,4
erroneously,4
pakistan,4
slumdog,4
dizzy,4
nixon,4
stained,4
jaded,4
absent,4
artificial,4
dim,4
impose,4
issues,4
misses,4
nothing,4
quit,4
stop,4
begged,4
nooo,4
artillery,4
rags,4
uncertain,4
ass,4
not,4
stopped,4
tremble,4
wouldnt,4
mold,4
allegations,4
ended,4
gripe,4
messed,4
offline,4
rent,4
snatch,4
hatin,4
creep,4
darkness,4
forgetting,4
hanging,4
haven't,4
loans,4
slip,4
thirst,4
vain,4
aggressive,4
critics,4
fist,4
ow,4
protesters,4
chronic,4
thorns,4
battles,4
court,4
exams,4
risks,4
slow,4
bothered,4
nothings,4
symptoms,4
gutter,4
void,4
boo,4
denying,4
noise,4
reckless,4
stomp,4
sucka,4
stranded,4
strain,4
fewer,4
kick,4
operation,4
withdrawal,4
lacking,4
foolish,4
crooked,4
dirt,4
dont,4
locked,4
sentenced,4
won't,4
hustler,4
disagree,4
hitting,4
mean,4
rival,4
waiting,4
plead,4
deadline,4
low,4
outdated,4
pressure,4
sorry,4
anti,4
disappear,4
lesions,4
blocked,4
cuts,4
delete,4
miss,4
nothin,4
swine,4
fooled,4
baghdad,4
brat,4
haunt,4
incompletely,4
risk,4
bacteria,4
dust,4
flies,4
madness,4
shattered,4
acid,4
decreased,4
couldnt,4
gossip,4
punch,4
sirens,4
darkened,4
servants,4
confrontation,4
denial,4
misidentified,4
offense,4
protest,4
shut,4
dire,4
taxation,4
haunted,4
caught,4
crushed,4
dispute,4
forsaken,4
owe,4
rough,4
slug,4
drunken,4
separation,4
fallen,4
suspicion,4
warned,4
foe,4
paranoid,4
struck,4
pressures,3
opponents,3
sucked,3
unlikely,3
swollen,3
monsters,3
chaos,3
fee,3
isolated,3
misspelled,3
misunderstood,3
refuse,3
sting,3
wreck,3
confined,3
deny,3
forgot,3
litigation,3
seized,3
cage,3
trap,3
foes,3
anxious,3
cut,3
gangsta,3
ignorant,3
lame,3
raging,3
shouting,3
disturbed,3
against,3
struggle,3
deception,3
unconscious,3
difficulty,3
eliminated,3
hungry,3
wicked,3
hunger,3
phony,3
beast,3
busted,3
dammit,3
dentist,3
killin,3
tornado,3
emptiness,3
burnt,3
crap,3
politicians,3
traffic,3
vulnerable,3
envy,3
alone,3
cannot,3
couldn't,3
ignored,3
restrictions,3
choke,3
doubts,3
fury,3
suckers,3
conspiracy,3
falling,3
lazy,3
scar,3
cough,3
frown,3
vengeance,3
cavity,3
dull,3
jerk,3
remorse,3
screwed,3
captured,3
fell,3
freezing,3
losers,3
wasting,3
frightened,3
convicted,3
dirty,3
screamin,3
liar,3
difficult,3
false,3
garbage,3
scandal,3
suspension,3
accusations,3
declined,3
doubt,3
lack,3
smoke,3
feared,3
argument,3
bitch,3
dismissed,3
exhausted,3
isolation,3
slapped,3
suck,3
suspect,3
wrong,3
doom,3
lonesome,3
rob,3
ambulance,3
conflict,3
indictment,3
smoking,3
tear,3
prejudice,3
decay,3
deficit,3
graves,3
suspended,3
yelling,3
arguing,3
dumb,3
greed,3
idiots,3
refugees,3
rotting,3
havoc,3
bled,3
complaints,3
insane,3
lawsuits,3
resignation,3
anxiety,3
hostile,3
broken,3
offensive,3
argue,3
bitter,3
fights,3
vicious,3
confused,3
damn,3
ignorance,3
worthless,3
coffin,3
damages,3
wound,3
cemetery,3
explosion,3
nervous,3
tension,3
thug,3
weakness,3
bury,3
awful,3
cries,3
mistakes,3
riot,3
demon,3
bruised,3
collapse,3
debt,3
frustrated,3
ouch,3
disrespect,3
badly,3
burning,3
dislike,3
sins,3
complaint,3
illegal,3
mourns,3
stress,3
violations,3
addict,3
devils,3
hater,3
infection,3
penalty,3
unkind,3
annoying,3
blame,3
complaining,3
demise,3
disabled,3
filthy,3
lied,3
mourners,3
prosecution,3
mafia,3
burns,3
fever,3
trouble,3
wasted,3
bleeding,3
lose,3
pathetic,3
loses,3
ugly,3
unholy,3
arrests,3
heartbreaker,3
struggling,3
distress,3
spam,3
waste,3
sorrows,3
ache,3
fears,3
jealous,3
ruin,3
stupid,3
deaf,3
ban,3
loneliness,3
surgery,3
bad,3
guilty,3
lies,3
nasty,3
rude,3
violated,3
abortion,3
crash,3
lie,3
selfish,3
worries,3
infections,3
blind,3
damage,3
guilt,3
scared,3
shitty,3
stroke,3
nightmares,3
beating,3
hopeless,3
rage,3
upset,3
abandoned,3
cocaine,3
harm,3
miserable,3
ruined,3
attacked,3
destroy,3
shooting,3
psycho,3
shot,3
crisis,2
haters,2
saddam,2
attacks,2
losses,2
steal,2
tears,2
cheat,2
drowning,2
hating,2
saddened,2
attack,2
ill,2
negative,2
wounded,2
slaughter,2
flu,2
graveside,2
victim,2
threat,2
hate,2
grief,2
angry,2
nightmare,2
victims,2
fired,2
theft,2
heartache,2
cheating,2
disappointed,2
devil,2
suffered,2
weep,2
holocaust,2
suffering,2
crime,2
depressed,2
hurt,2
tsunami,2
drowned,2
pollution,2
crimes,2
hurts,2
sorrow,2
unhappy,2
dying,2
pain,2
dies,2
rejected,2
suffer,2
bankruptcy,2
failure,2
prison,2
slaves,2
violent,2
destroyed,2
rejection,2
sick,2
dead,2
illness,2
punishment,2
depression,2
poverty,2
bomb,2
fail,2
depressing,2
evil,2
abuse,2
sadness,2
cruel,2
failed,2
abused,2
fatal,2
murdered,2
kills,2
terror,2
killing,2
deaths,2
torture,2
kill,2
cancer,2
murder,1
rape,1
terrorist,1
coronavirus,1
distancing,3
kits,5
masks,3
outbreak,2
quarantine,2
sanitizer,5
ventilator,3
